date,amounts,total,category
11-03-2026,"3,500, 2.5, 2.5, 114.63, 2.5, 2.58, 114.65, 9,473, 9,474","9,474",Food & Beverage
date,amounts,total,category
12-03-2026,"3,500, 2.5, 2.5, 114.63, 2.5, 2.58, 114.65, 9,473, 9,474","9,474",Food & Beverage
date,amounts,total,category
12-03-2026,"3,500, 2.5, 2.5, 114.63, 2.5, 2.58, 114.65, 9,473, 9,474","9,474",Food & Beverage
date,amounts,total,category
12-03-2026,"3,500, 2.5, 2.5, 114.63, 2.5, 2.58, 114.65, 9,473, 9,474","9,474",Food & Beverage
date,amounts,total,category
12-03-2026,"3,500, 2.5, 2.5, 114.63, 2.5, 2.58, 114.65, 9,473, 9,474","9,474",Food & Beverage
date,amounts,total,category
12-03-2026,"3,500, 2.5, 2.5, 114.63, 2.5, 2.58, 114.65, 9,473, 9,474","9,474",Food & Beverage
date,amounts,total,category
12-03-2026,"3,500, 2.5, 2.5, 114.63, 2.5, 2.58, 114.65, 9,473, 9,474","9,474",Food & Beverage


